{"name":"8be1ce7e-ca84-4068-b365-af405c91becf","id":"/providers/Microsoft.Flow/flows/8be1ce7e-ca84-4068-b365-af405c91becf","type":"Microsoft.Flow/flows","properties":{"apiId":"/providers/Microsoft.PowerApps/apis/shared_logicflows","displayName":"Detect Inactive Azure AD User","definition":{"metadata":{"workflowEntityId":null,"flowclientsuspensionreason":"None","flowclientsuspensiontime":null,"creator":{"id":"3fe38177-e498-488b-8ee2-f09f801fd3a1","type":"User","tenantId":"be5193b8-16dd-4525-b3c0-2ac23b8bad16"},"provisioningMethod":"FromDefinition","failureAlertSubscription":true,"clientLastModifiedTime":"2021-02-19T14:59:46.5314631Z"},"$schema":"https://schema.management.azure.com/providers/Microsoft.Logic/schemas/2016-06-01/workflowdefinition.json#","contentVersion":"1.0.0.0","parameters":{"$connections":{"defaultValue":{},"type":"Object"},"$authentication":{"defaultValue":{},"type":"SecureObject"}},"triggers":{"Recurrence":{"recurrence":{"frequency":"Day","interval":1},"type":"Recurrence"}},"actions":{"Get_past_time":{"runAfter":{},"type":"Expression","kind":"GetPastTime","inputs":{"interval":90,"timeUnit":"Day"}},"Tenant_ID_Variable":{"runAfter":{"Get_past_time":["Succeeded"]},"type":"InitializeVariable","inputs":{"variables":[{"name":"Tenant ID","type":"string","value":"Enter Tenat ID"}]}},"Application-Client_ID_Variable":{"runAfter":{"Tenant_ID_Variable":["Succeeded"]},"type":"InitializeVariable","inputs":{"variables":[{"name":"Application-Client ID","type":"string","value":"Enter Application ID"}]}},"App_Secret_Variable":{"runAfter":{"Application-Client_ID_Variable":["Succeeded"]},"type":"InitializeVariable","inputs":{"variables":[{"name":"App Secret","type":"string","value":"Enter Secret"}]}},"HTTP_Get_Inactive_Users":{"runAfter":{"App_Secret_Variable":["Succeeded"]},"type":"Http","inputs":{"method":"GET","uri":"https://graph.microsoft.com/beta/users?filter=signInActivity/lastSignInDateTime le @{body('Get_past_time')}","authentication":{"type":"ActiveDirectoryOAuth","tenant":"@variables('Tenant ID')","audience":"https://graph.microsoft.com/","clientId":"@variables('Application-Client ID')","secret":"@variables('App Secret')"}}},"Parse_JSON_Get_Inactive_Users":{"runAfter":{"HTTP_Get_Inactive_Users":["Succeeded"]},"type":"ParseJson","inputs":{"content":"@body('HTTP_Get_Inactive_Users')","schema":{"type":"object","properties":{"@@odata.context":{"type":"string"},"value":{"type":"array","items":{"type":"object","properties":{"id":{"type":"string"},"deletedDateTime":{},"accountEnabled":{"type":"boolean"},"ageGroup":{},"businessPhones":{"type":"array","items":{"type":"string"}},"onPremisesSyncEnabled":{},"onPremisesUserPrincipalName":{},"refreshTokensValidFromDateTime":{"type":"string"},"showInAddressList":{},"signInSessionsValidFromDateTime":{"type":"string"},"DisplayName":{"type":"string"},"userPrincipalName":{"type":"string"},"externalUserState":{},"externalUserStateChangeDateTime":{},"userType":{"type":"string"}},"required":["id","deletedDateTime","accountEnabled","ageGroup","businessPhones","onPremisesSyncEnabled","onPremisesUserPrincipalName","refreshTokensValidFromDateTime","showInAddressList","signInSessionsValidFromDateTime","displayName","userPrincipalName","externalUserState","externalUserStateChangeDateTime","userType"]}}}}}},"Apply_to_each":{"foreach":"@body('Parse_JSON_Get_Inactive_Users')?['value']","actions":{"HTTP_Get_Last_Sign_In_Date":{"runAfter":{},"type":"Http","inputs":{"method":"GET","uri":"https://graph.microsoft.com/beta/users?$filter=startswith(displayName,'@{items('Apply_to_each')?['DisplayName']}')&$select=displayName,signInActivity","authentication":{"type":"ActiveDirectoryOAuth","tenant":"@variables('Tenant ID')","audience":"https://graph.microsoft.com/","clientId":"@variables('Application-Client ID')","secret":"@variables('App Secret')"}}},"Parse_JSON_Get_Last_Sign_In_Date":{"runAfter":{"HTTP_Get_Last_Sign_In_Date":["Succeeded"]},"type":"ParseJson","inputs":{"content":"@body('HTTP_Get_Last_Sign_In_Date')","schema":{"type":"object","properties":{"@@odata.context":{"type":"string"},"value":{"type":"array","items":{"type":"object","properties":{"displayName":{"type":"string"},"id":{"type":"string"},"signInActivity":{"type":"object","properties":{"lastSignInDateTime":{"type":"string"},"lastSignInRequestId":{"type":"string"}}}},"required":["displayName","id","signInActivity"]}}}}}},"Condition":{"actions":{"Apply_to_each_2":{"foreach":"@body('Parse_JSON_Get_Last_Sign_In_Date')?['value']","actions":{"Notify_IT_via_email":{"runAfter":{},"type":"OpenApiConnection","inputs":{"host":{"apiId":"/providers/Microsoft.PowerApps/apis/shared_office365","connectionName":"shared_office365","operationId":"SendEmailV2"},"parameters":{"emailMessage/To":"test@email.com","emailMessage/Subject":"Inactive Azure AD user detected - @{items('Apply_to_each_2')?['displayName']}","emailMessage/Body":"<p>New Inactive Azure AD user is deteceted:<br>\n<strong>User Principal Name</strong>: @{items('Apply_to_each')?['userPrincipalName']};<br>\n<strong>Last Sign-in Session</strong>: @{items('Apply_to_each_2')?['signInActivity']?['lastSignInDateTime']};<br>\n<strong>User page</strong>: <a href=\"https://aad.portal.azure.com/#blade/Microsoft_AAD_IAM/UserDetailsMenuBlade/Profile/userId/@{items('Apply_to_each_2')?['id']}\">https://aad.portal.azure.com/#blade/Microsoft_AAD_IAM/UserDetailsMenuBlade/Profile/@{items('Apply_to_each_2')?['id']}</a><br>\nTo block a user open user page above, click on <strong>Edit </strong>and under <strong>Settings </strong>&gt; <strong>Block Sign-in</strong> change to <strong>Yes</strong>. If user is synced from on-prem, you need to block user on on-prem Active Directory!</p>","emailMessage/Importance":"High"},"authentication":"@parameters('$authentication')"}},"Post_a_message_in_Teams_SOC_Group":{"runAfter":{"Notify_IT_via_email":["Succeeded"]},"type":"OpenApiConnection","inputs":{"host":{"apiId":"/providers/Microsoft.PowerApps/apis/shared_teams","connectionName":"shared_teams","operationId":"PostMessageToChannelV3"},"parameters":{"groupId":"e0d69a14-8ecc-4493-9e72-a883d77a63e8","channelId":"19:441e9ae088e940c5b98b3460c994c641@thread.tacv2","body/body/content":"<p>New Inactive Azure AD user is deteceted:<br>\n<strong>User Principal Name</strong>: @{items('Apply_to_each')?['userPrincipalName']};<br>\n<strong>Last Sign-in Session</strong>: @{items('Apply_to_each_2')?['signInActivity']?['lastSignInDateTime']};<br>\n<strong>User page</strong>: <a href=\"https://aad.portal.azure.com/#blade/Microsoft_AAD_IAM/UserDetailsMenuBlade/Profile/userId/@{items('Apply_to_each_2')?['id']}\">https://aad.portal.azure.com/#blade/Microsoft_AAD_IAM/UserDetailsMenuBlade/Profile/userId/@{items('Apply_to_each_2')?['id']}</a><br>\nTo block a user open user page above, click on <strong>Edit </strong>and under <strong>Settings </strong>&gt; <strong>Block Sign-in</strong> change to <strong>Yes</strong>. If user is synced from on-prem, you need to block user on on-prem Active Directory!</p>","body/subject":"Inactive Azure AD user detected - @{items('Apply_to_each_2')?['displayName']}"},"authentication":"@parameters('$authentication')"}}},"runAfter":{},"type":"Foreach"}},"runAfter":{"Parse_JSON_Get_Last_Sign_In_Date":["Succeeded"]},"expression":{"equals":["@items('Apply_to_each')?['accountEnabled']",true]},"type":"If"}},"runAfter":{"Parse_JSON_Get_Inactive_Users":["Succeeded"]},"type":"Foreach"}},"outputs":{}},"connectionReferences":{"shared_office365":{"connectionName":"shared-office365-db6e30fb-7028-4e96-988c-2521-a1779266","source":"Embedded","id":"/providers/Microsoft.PowerApps/apis/shared_office365","tier":"NotSpecified"},"shared_teams":{"connectionName":"shared-teams-16ec4dcd-d5a7-4613-bf3b-f701-6c4ebf24","source":"Embedded","id":"/providers/Microsoft.PowerApps/apis/shared_teams","tier":"NotSpecified"}},"flowFailureAlertSubscribed":false}}